{
  "create_modified_ocr.js": 1775600717.4986577,
  "tamper_cloud.js": 1775600042.2928605,
  "tamper_files_cloud.js": 1775452310.1585126,
  "tamper_image.js": 1776023580.6387982,
  "graphify-out\\detect.py": 1776513429.713578,
  "public\\app.js": 1776046624.5273285,
  "server\\app.js": 1776045999.68361,
  "server\\db\\db.js": 1775596437.3630626,
  "server\\db\\migrate_forensics.js": 1775426858.6320024,
  "server\\db\\migrate_merkle.js": 1776033456.534614,
  "server\\db\\migrate_ocr.js": 1775419049.8700058,
  "server\\db\\migrate_signature.js": 1775435178.1868472,
  "server\\db\\migrate_storage_id.js": 1775437102.3047848,
  "server\\db\\migrate_versions.js": 1776044164.2831426,
  "server\\db\\migrate_watcher.js": 1776024934.526086,
  "server\\db\\mongodb.js": 1775431541.5956373,
  "server\\middleware\\apiKey.js": 1776032974.1056485,
  "server\\routes\\chain.js": 1776045974.157455,
  "server\\routes\\stats.js": 1775402406.7846525,
  "server\\routes\\upload.js": 1776045098.2442932,
  "server\\routes\\verify.js": 1776038278.5209544,
  "server\\utils\\forensics.js": 1775449527.4849768,
  "server\\utils\\generateApiKey.js": 1776031925.0388432,
  "server\\utils\\generateKeys.js": 1776028281.5883296,
  "server\\utils\\hasher.js": 1776022920.5956988,
  "server\\utils\\merkle.js": 1776033366.1822386,
  "server\\utils\\ocr.js": 1776024389.115102,
  "server\\utils\\processor.js": 1776043241.353737,
  "server\\utils\\qr.js": 1776039910.2089942,
  "server\\utils\\queue.js": 1775466394.0451398,
  "server\\utils\\signature.js": 1775449564.6278734,
  "src\\services\\api.js": 1775404593.9699237,
  "AGENTS.md": 1775519198.0363314,
  "CLAUDE.md": 1775519198.0363314,
  "GEMINI.md": 1775519198.0363314,
  "server_log.txt": 1776046036.6930826,
  "test.txt": 1775465484.982543,
  "uploads\\1775405458397-DESIGN.txt": 1775405766.590953,
  "uploads\\1775405463420-DESIGN.txt": 1775413346.9933472,
  "uploads\\1775405472464-DESIGN.txt": 1775411749.9301083,
  "uploads\\1775405473369-DESIGN.txt": 1775411795.162828,
  "uploads\\1775414347101-bibi.txt": 1775414362.6233602,
  "testdoc.pdf": 1775398990.6439373,
  "uploads\\1775399097409-testdoc.pdf": 1775399097.4180052,
  "uploads\\1775408403577-pushakrini maths.pdf": 1775408403.5920632,
  "uploads\\1775409011957-pushakrini maths.pdf": 1775409011.9674873,
  "uploads\\1775410284493-ANUSHA MATHS.pdf": 1775410284.5100522,
  "alice_test.png": 1775427228.2206666,
  "cat2.jpg": 1776017600.1902056,
  "food_image.jpg": 1776030096.2641082,
  "modified.png": 1775600731.3412845,
  "original_cat.jpg": 1776023405.1892917,
  "tampered_cat.jpg": 1776023606.0406399,
  "tampered_pixel.jpg": 1776029127.601507,
  "tampered_test.png": 1776023757.0776813,
  "test.png": 1775427228.2206666,
  "test2.png": 1775427228.2206666,
  "test_b64.jpg": 1776028551.2096262,
  "test_final.png": 1776027526.3286128,
  "test_parallel.png": 1775427228.2206666,
  "test_parallel_final.png": 1775427228.2206666,
  "test_p_final.png": 1775427228.2206666,
  "test_similarity.jpg": 1776019144.6533122,
  "tmp\\85afac6e88a1eb4dd9437479c1f92de5.jpg": 1776017408.1571155,
  "tmp\\test_write.png": 1775447947.330122,
  "uploads\\1775415035291-test.jpg": 1775421815.585885,
  "uploads\\1775419443926-test.jpg": 1775419443.937715,
  "uploads\\1775420049639-verify_test.jpg": 1775420147.3101475,
  "uploads\\1775420914216-test2.jpeg": 1775420914.2281876,
  "uploads\\1775421090799-test2.jpeg": 1775421090.8115184,
  "uploads\\1775427228192-test.png": 1775427228.2206666
}